Code,Name,Category,Price,Discount,Description,Image 1,Image 2,Image 3,Image 4,Image 5,Image 6,Image 7,Image 8,Image 9,Position
OB-KF01,OB-KF01,Kaftans,0,0,,assets/products/KAFTAN COLLECTION/OB-KF01/2e4fa091-9a55-499d-aaad-66c90e652aeb.jpg,assets/products/KAFTAN COLLECTION/OB-KF01/4e3fda67-bced-4916-8505-b8d5954c1973.jpg,assets/products/KAFTAN COLLECTION/OB-KF01/e0922109-3caa-4ef1-bf67-c79691b5a532.jpg,,,,,,
OB-KF02,OB-KF02,Kaftans,0,0,,assets/products/KAFTAN COLLECTION/OB-KF02/1b71c951-01b5-4c7f-a672-1b00d782aa30.jpg,assets/products/KAFTAN COLLECTION/OB-KF02/31bc0719-5c8b-462e-a291-c711d05d21de.jpg,assets/products/KAFTAN COLLECTION/OB-KF02/597541f6-28e0-4b8b-856b-bc6af056d525.jpg,assets/products/KAFTAN COLLECTION/OB-KF02/7f7f657a-ac0e-417f-947e-2a4c2c85b2db.jpg,assets/products/KAFTAN COLLECTION/OB-KF02/a7fade79-8a88-457f-8a82-dbd4ab668340.jpg,assets/products/KAFTAN COLLECTION/OB-KF02/b9a4e88e-f011-4bf8-b609-358dc8907255.jpg,assets/products/KAFTAN COLLECTION/OB-KF02/eaa23aae-ddcd-43a0-a4cc-07a97a6319ad.jpg,assets/products/KAFTAN COLLECTION/OB-KF02/Photo from Oban Wears(1).jpg,assets/products/KAFTAN COLLECTION/OB-KF02/Photo from Oban Wears.jpg,
OB-KF03,OB-KF03,Kaftans,0,0,,assets/products/KAFTAN COLLECTION/OB-KF03/3fe6999b-4bea-4155-928e-6589c4a19927.jpg,assets/products/KAFTAN COLLECTION/OB-KF03/BD13EEE8-ED97-4557-8EE0-074027278FDE.png,assets/products/KAFTAN COLLECTION/OB-KF03/d69bd6ae-292c-485c-a065-b77e61f76628.jpg,assets/products/KAFTAN COLLECTION/OB-KF03/ea605811-fb3f-4fc6-807e-8a616830ed60.jpg,assets/products/KAFTAN COLLECTION/OB-KF03/Photo from Oban Wears(1).jpg,assets/products/KAFTAN COLLECTION/OB-KF03/Photo from Oban Wears.jpg,,,
OB-KF04,OB-KF04,Kaftans,0,0,,assets/products/KAFTAN COLLECTION/OB-KF04/b08721c2-b48d-4c1a-9873-dde7badac924.jpg,assets/products/KAFTAN COLLECTION/OB-KF04/dff06004-cd10-482e-aa0a-7646f32e482a.jpg,assets/products/KAFTAN COLLECTION/OB-KF04/e1837a1e-b1d2-4689-a4f9-4ce074bd16c6.jpg,assets/products/KAFTAN COLLECTION/OB-KF04/ede74950-fd4c-4a78-ae4a-587f23e20b6d.JPG,assets/products/KAFTAN COLLECTION/OB-KF04/fc433454-bcf0-44ae-89df-9523cf69800e.jpg,,,,
OB-KF05,OB-KF05,Kaftans,0,0,,assets/products/KAFTAN COLLECTION/OB-KF05/323edbbf-f326-45b0-8746-deba6fb185c8.jpg,assets/products/KAFTAN COLLECTION/OB-KF05/41117C10-A2AB-474F-B94B-905B1F0A5136.png,assets/products/KAFTAN COLLECTION/OB-KF05/52649ef0-75ab-4dbc-8237-27a90b0b36a2.jpg,assets/products/KAFTAN COLLECTION/OB-KF05/close up powder blue.jpg,assets/products/KAFTAN COLLECTION/OB-KF05/fcf698e1-6026-4b1c-bbe6-923950f08e27.jpg,assets/products/KAFTAN COLLECTION/OB-KF05/Full yellow.jpg,,,
OB-KF06,OB-KF06,Kaftans,0,0,,assets/products/KAFTAN COLLECTION/OB-KF06/39b3f68e-ba04-4a7a-8efd-95f31fa30eb5.jpg,assets/products/KAFTAN COLLECTION/OB-KF06/f030bc10-7f83-4cc8-9e04-ee840127129b(1).jpg,assets/products/KAFTAN COLLECTION/OB-KF06/f030bc10-7f83-4cc8-9e04-ee840127129b.jpg,assets/products/KAFTAN COLLECTION/OB-KF06/Photo from Oban Wears(1).jpg,assets/products/KAFTAN COLLECTION/OB-KF06/Photo from Oban Wears.jpg,,,,
OB-KF07,OB-KF07,Kaftans,0,0,,assets/products/KAFTAN COLLECTION/OB-KF07/3706cdb3-c3f3-4472-9496-69f4f8916f60.jpg,assets/products/KAFTAN COLLECTION/OB-KF07/9d25b6a1-d636-43b4-8165-2306609973f7.jpg,,,,,,,
OB-KF08,OB-KF08,Kaftans,0,0,,assets/products/KAFTAN COLLECTION/OB-KF08/3b298ac8-4853-4f82-84eb-f9383f6f078b.jpg,assets/products/KAFTAN COLLECTION/OB-KF08/c65ebca0-3c4c-44c4-baab-7383ca0280df.jpg,assets/products/KAFTAN COLLECTION/OB-KF08/e5924d38-93d7-4d6a-9107-85a6be350d2d.jpg,,,,,,
OB-KF09,OB-KF09,Kaftans,0,0,,assets/products/KAFTAN COLLECTION/OB-KF09/021a42c3-085a-4a04-87f3-e2b2e30c8797.jpg,assets/products/KAFTAN COLLECTION/OB-KF09/f800b928-eda1-4a69-9df5-5d49153ac2c4.jpg,,,,,,,
OB-KF10,OB-KF10,Kaftans,0,0,,assets/products/KAFTAN COLLECTION/OB-KF10/a2d5c5c7-b275-4cd0-b2fc-8dc9b245e25f.jpg,assets/products/KAFTAN COLLECTION/OB-KF10/d1125222-38f3-4e07-8056-24eb98281347.jpg,,,,,,,
OB-KF11,OB-KF11,Kaftans,0,0,,assets/products/KAFTAN COLLECTION/OB-KF11/1ceb61e0-9640-4e27-b233-a0ecb28a45a0.jpg,assets/products/KAFTAN COLLECTION/OB-KF11/2d1afe7c-2580-4d0b-b106-c27b0ebca248.jpg,,,,,,,
OB-KF12,OB-KF12,Kaftans,0,0,,assets/products/KAFTAN COLLECTION/OB-KF12/0bc6bda1-d5e7-4a6d-9c10-bf2bb6a72649.jpg,assets/products/KAFTAN COLLECTION/OB-KF12/35955e65-c413-40a6-a815-25c36276a312.jpg,assets/products/KAFTAN COLLECTION/OB-KF12/Photo from Oban Wears(1).jpg,assets/products/KAFTAN COLLECTION/OB-KF12/Photo from Oban Wears(2).jpg,assets/products/KAFTAN COLLECTION/OB-KF12/Photo from Oban Wears(3).jpg,assets/products/KAFTAN COLLECTION/OB-KF12/Photo from Oban Wears.jpg,,,
OB-KF13,OB-KF13,Kaftans,0,0,,assets/products/KAFTAN COLLECTION/OB-KF13/6BCAD435-5A45-4A23-954C-B8BE1E19764F.png,assets/products/KAFTAN COLLECTION/OB-KF13/F6E70A07-9BE2-4814-B34A-D57A0F755735.png,assets/products/KAFTAN COLLECTION/OB-KF13/Photo from Oban Wears(1).jpg,assets/products/KAFTAN COLLECTION/OB-KF13/Photo from Oban Wears.jpg,,,,,
OB-KF14,OB-KF14,Kaftans,0,0,,assets/products/KAFTAN COLLECTION/OB-KF14/01caa88b-08c3-45a3-a56f-800dbb6ba70f.jpg,assets/products/KAFTAN COLLECTION/OB-KF14/9289e721-f021-4169-a7ee-651e7d9a02b0.jpg,assets/products/KAFTAN COLLECTION/OB-KF14/fc748e78-29ed-4bc6-a27e-be1eedda5122.jpg,assets/products/KAFTAN COLLECTION/OB-KF14/Photo from Oban Wears(1).jpg,assets/products/KAFTAN COLLECTION/OB-KF14/Photo from Oban Wears.jpg,,,,
OB-KF15,OB-KF15,Kaftans,0,0,,assets/products/KAFTAN COLLECTION/OB-KF15/13598872-75af-4156-8239-8d9d5cea4999.jpg,assets/products/KAFTAN COLLECTION/OB-KF15/883c1f95-5fd6-4ea7-aa37-91ea45498fb6(1).jpg,assets/products/KAFTAN COLLECTION/OB-KF15/Photo from Oban Wears(1).jpg,assets/products/KAFTAN COLLECTION/OB-KF15/Photo from Oban Wears(2).jpg,assets/products/KAFTAN COLLECTION/OB-KF15/Photo from Oban Wears.jpg,,,,
OB-KF16,OB-KF16,Kaftans,0,0,,assets/products/KAFTAN COLLECTION/OB-KF16/2.png,assets/products/KAFTAN COLLECTION/OB-KF16/9bac4745-4b3f-4847-a474-e010910cdddd.jpg,assets/products/KAFTAN COLLECTION/OB-KF16/b188ff0d-aeda-40c6-bfef-3375db704f7d.jpg,assets/products/KAFTAN COLLECTION/OB-KF16/Photo from Oban Wears.jpg,,,,,
OB-KF17,OB-KF17,Kaftans,0,0,,assets/products/KAFTAN COLLECTION/OB-KF17/Oban Set 13 e - 1.PNG,assets/products/KAFTAN COLLECTION/OB-KF17/Oban Set 13 e - 3.PNG,,,,,,,
OB-KF18,OB-KF18,Kaftans,0,0,,assets/products/KAFTAN COLLECTION/OB-KF18/IMG-20240626-WA0013.jpg,assets/products/KAFTAN COLLECTION/OB-KF18/IMG-20240626-WA0017.jpg,,,,,,,
OB-KF19,OB-KF19,Kaftans,0,0,,assets/products/KAFTAN COLLECTION/OB-KF19/IMG-20240626-WA0027.jpg,assets/products/KAFTAN COLLECTION/OB-KF19/IMG-20240626-WA0029.jpg,,,,,,,
OB-KF20,OB-KF20,Kaftans,0,0,,assets/products/KAFTAN COLLECTION/OB-KF20/IMG-20241102-WA0013.jpg,assets/products/KAFTAN COLLECTION/OB-KF20/IMG-20241102-WA0015.jpg,assets/products/KAFTAN COLLECTION/OB-KF20/IMG-20241102-WA0017.jpg,,,,,,
OB-AG01,OB-AG01,Agbada,0,0,,assets/products/AGBADA COLLECTION/OB-AG01/23.jpg,assets/products/AGBADA COLLECTION/OB-AG01/24.jpg,,,,,,,
OB-AG02,OB-AG02,Agbada,0,0,,assets/products/AGBADA COLLECTION/OB-AG02/1475af46-42d8-434a-9a91-abf10d6ca14a.jpg,assets/products/AGBADA COLLECTION/OB-AG02/413330bb-2813-4d0f-aa6b-1a684794b574.jpg,,,,,,,
OB-AG03,OB-AG03,Agbada,0,0,,assets/products/AGBADA COLLECTION/OB-AG03/36bebf71-b1c9-40b1-a460-4ae3d2f1d1b4.jpg,assets/products/AGBADA COLLECTION/OB-AG03/b8f2f6e9-f79f-44da-b6fe-d1be4d608688.jpg,assets/products/AGBADA COLLECTION/OB-AG03/c7a342ab-1b63-4c88-ba20-09c9042ea1eb.jpg,,,,,,
OB-AG04,OB-AG04,Agbada,0,0,,assets/products/AGBADA COLLECTION/OB-AG04/acd55403-4172-4053-bf49-b7eb28716245.jpg,assets/products/AGBADA COLLECTION/OB-AG04/c88c32e3-66b3-4da0-8416-4737a493ba84(1).jpg,assets/products/AGBADA COLLECTION/OB-AG04/c88c32e3-66b3-4da0-8416-4737a493ba84.jpg,,,,,,
OB-AG05,OB-AG05,Agbada,0,0,,assets/products/AGBADA COLLECTION/OB-AG05/2e3cd6bc-c913-4001-b506-09a221878f93.jpg,assets/products/AGBADA COLLECTION/OB-AG05/75db1649-75b0-401c-a15b-996d8f5264a0.jpg,,,,,,,
OB-AG06,OB-AG06,Agbada,0,0,,assets/products/AGBADA COLLECTION/OB-AG06/14baeca3-4bfc-4307-a5cd-c393bfbe1c61.jpg,assets/products/AGBADA COLLECTION/OB-AG06/67f26742-6f9f-4e6c-ae1f-9159ab2dc1df.jpg,assets/products/AGBADA COLLECTION/OB-AG06/cefdbe25-f7ed-4e2b-91af-01b2171dcc9a.jpg,,,,,,
OB-AG07,OB-AG07,Agbada,0,0,,assets/products/AGBADA COLLECTION/OB-AG07/3a38a622-1dba-47f5-b2cf-b23ae6abb6e9.jpg,assets/products/AGBADA COLLECTION/OB-AG07/54e8c6b7-845c-459b-9fad-b5c094375a4b.jpg,,,,,,,
OB-AG08,OB-AG08,Agbada,0,0,,assets/products/AGBADA COLLECTION/OB-AG08/6cf35e87-9a05-48c8-ac73-12ef7be0e33b.jpg,assets/products/AGBADA COLLECTION/OB-AG08/fb08062e-b441-4035-809a-5716358a1998(1).jpg,assets/products/AGBADA COLLECTION/OB-AG08/fb08062e-b441-4035-809a-5716358a1998.jpg,,,,,,
OB-AG09,OB-AG09,Agbada,0,0,,assets/products/AGBADA COLLECTION/OB-AG09/IMG-20240506-WA0057(0).jpg,assets/products/AGBADA COLLECTION/OB-AG09/IMG-20240506-WA0057(1).jpg,assets/products/AGBADA COLLECTION/OB-AG09/IMG-20240506-WA0057.jpg,,,,,,
OB-AG10,OB-AG10,Agbada,0,0,,assets/products/AGBADA COLLECTION/OB-AG10/IMG-20240913-WA0014.jpg,assets/products/AGBADA COLLECTION/OB-AG10/IMG-20240913-WA0016(1).jpg,assets/products/AGBADA COLLECTION/OB-AG10/IMG-20240913-WA0016.jpg,,,,,,
OB-AG11,OB-AG11,Agbada,0,0,,assets/products/AGBADA COLLECTION/OB-AG11/IMG-20240911-WA0031.jpg,assets/products/AGBADA COLLECTION/OB-AG11/IMG-20240911-WA0033.jpg,assets/products/AGBADA COLLECTION/OB-AG11/IMG-20240911-WA0035.jpg,,,,,,
OB-AG12,OB-AG12,Agbada,0,0,,assets/products/AGBADA COLLECTION/OB-AG12/IMG-20240911-WA0029(1).jpg,assets/products/AGBADA COLLECTION/OB-AG12/IMG-20240911-WA0029.jpg,,,,,,,
OB-AG13,OB-AG13,Agbada,0,0,,assets/products/AGBADA COLLECTION/OB-AG13/IMG-20240502-WA0007.jpg,assets/products/AGBADA COLLECTION/OB-AG13/IMG-20240502-WA0011.jpg,assets/products/AGBADA COLLECTION/OB-AG13/Oban wear set 14 b-1.jpg,,,,,,
OB-AG14,OB-AG14,Agbada,0,0,,assets/products/AGBADA COLLECTION/OB-AG14/Photo from Oban Wears(1).jpg,assets/products/AGBADA COLLECTION/OB-AG14/Photo from Oban Wears(2).jpg,assets/products/AGBADA COLLECTION/OB-AG14/Photo from Oban Wears.jpg,,,,,,
OB-AG15,OB-AG15,Agbada,0,0,,assets/products/AGBADA COLLECTION/OB-AG15/041a78a6-574a-4c73-b813-5985b6884833.jpg,assets/products/AGBADA COLLECTION/OB-AG15/acb415fe-8a56-4bb7-8387-b65df9393aff.jpg,,,,,,,
OB-AG16,OB-AG16,Agbada,0,0,,assets/products/AGBADA COLLECTION/OB-AG16/IMG_3328.jpeg,assets/products/AGBADA COLLECTION/OB-AG16/IMG_3329.jpeg,,,,,,,
OB-AG17,OB-AG17,Agbada,0,0,,assets/products/AGBADA COLLECTION/OB-AG17/9fe7b431-7590-4721-a671-cbaad357a6d8.jpg,assets/products/AGBADA COLLECTION/OB-AG17/IMG_3832.HEIC,,,,,,,
OB-AG18,OB-AG18,Agbada,0,0,,assets/products/AGBADA COLLECTION/OB-AG18/IMG_8997.HEIC,assets/products/AGBADA COLLECTION/OB-AG18/IMG_8999.HEIC,,,,,,,
OB-AG19,OB-AG19,Agbada,0,0,,assets/products/AGBADA COLLECTION/OB-AG19/Photo from Oban Wears(1).jpg,assets/products/AGBADA COLLECTION/OB-AG19/Photo from Oban Wears.jpg,,,,,,,
OB-AG20,OB-AG20,Agbada,0,0,,assets/products/AGBADA COLLECTION/OB-AG20/Oban Set 14 - 10.PNG,assets/products/AGBADA COLLECTION/OB-AG20/Oban Set 14 - 11.PNG,,,,,,,
OB-AG21,OB-AG21,Agbada,0,0,,assets/products/AGBADA COLLECTION/OB-AG21/9442fe47-6be0-4640-a467-eac3f2870a6e.jpg,assets/products/AGBADA COLLECTION/OB-AG21/d43a8b19-fbfb-4395-b4b5-00fda299241c.jpg,,,,,,,
OB-AG22,OB-AG22,Agbada,0,0,,assets/products/AGBADA COLLECTION/OB-AG22/IMG-20240707-WA0030.jpg,assets/products/AGBADA COLLECTION/OB-AG22/IMG-20240707-WA0032.jpg,,,,,,,
OB-AG23,OB-AG23,Agbada,0,0,,assets/products/AGBADA COLLECTION/OB-AG23/Photo from Oban Wears(1).jpg,assets/products/AGBADA COLLECTION/OB-AG23/Photo from Oban Wears(2).jpg,assets/products/AGBADA COLLECTION/OB-AG23/Photo from Oban Wears.jpg,,,,,,
OB-FS01,OB-FS01,Father & Son,0,0,,assets/products/FATHER AND SONS/OB-FS01/IMG-20240913-WA0022.jpg,assets/products/FATHER AND SONS/OB-FS01/IMG-20240913-WA0026.jpg,,,,,,,
OB-FS02,OB-FS02,Father & Son,0,0,,assets/products/FATHER AND SONS/OB-FS02/IMG_3143.JPG,,,,,,,,,
OB-FS03,OB-FS03,Father & Son,0,0,,assets/products/FATHER AND SONS/OB-FS03/IMG_3142.JPG,,,,,,,,,
OB-FS04,OB-FS04,Father & Son,0,0,,assets/products/FATHER AND SONS/OB-FS04/IMG-20251216-WA0063.jpg,,,,,,,,,
OB-FS05,OB-FS05,Father & Son,0,0,,assets/products/FATHER AND SONS/OB-FS05/Photo from Oban Wears(1).jpg,assets/products/FATHER AND SONS/OB-FS05/Photo from Oban Wears.jpg,,,,,,,
OB-SP01,OB-SP01,Suits,0,0,,assets/products/SUITS AND PANTS/OB-SP01/7ccef707-f56f-4a48-8fb6-8f365cda42b7.jpg,assets/products/SUITS AND PANTS/OB-SP01/7e07ec58-8305-4807-8a44-47ccd17da0b1(1).JPG,assets/products/SUITS AND PANTS/OB-SP01/7e07ec58-8305-4807-8a44-47ccd17da0b1.jpg,assets/products/SUITS AND PANTS/OB-SP01/Photo from Oban Wears.jpg,,,,,
OB-SP02,OB-SP02,Suits,0,0,,assets/products/SUITS AND PANTS/OB-SP02/IMG-20240526-WA0019.jpg,assets/products/SUITS AND PANTS/OB-SP02/IMG-20240526-WA0021(1).jpg,,,,,,,
OB-SP03,OB-SP03,Suits,0,0,,assets/products/SUITS AND PANTS/OB-SP03/IMG-20240913-WA0018.jpg,assets/products/SUITS AND PANTS/OB-SP03/IMG-20240913-WA0020.jpg,,,,,,,
OB-SP04,OB-SP04,Suits,0,0,,assets/products/SUITS AND PANTS/OB-SP04/b2580288-d320-441c-aae5-dcdd7fe3c133.jpg,assets/products/SUITS AND PANTS/OB-SP04/d6ab4941-9d14-47a3-9401-2dbb725cd55b.jpg,,,,,,,
OB-SP05,OB-SP05,Suits,0,0,,assets/products/SUITS AND PANTS/OB-SP05/IMG_0486.jpeg,assets/products/SUITS AND PANTS/OB-SP05/IMG_0490.jpeg,,,,,,,
OB-SP06,OB-SP06,Suits,0,0,,assets/products/SUITS AND PANTS/OB-SP06/IMG_0473.jpeg,assets/products/SUITS AND PANTS/OB-SP06/IMG_0476.jpeg,,,,,,,
OB-SP07,OB-SP07,Suits,0,0,,assets/products/SUITS AND PANTS/OB-SP07/3b7b692e-e2d3-4647-8b1e-ac1191c22e6f.jpg,,,,,,,,,
OB-SP08,OB-SP08,Suits,0,0,,assets/products/SUITS AND PANTS/OB-SP08/498921890_18330200977167858_2899624696774555259_n.jpg,,,,,,,,,
OB-SP09,OB-SP09,Suits,0,0,,assets/products/SUITS AND PANTS/OB-SP09/Photo from Oban Wears(1).jpg,assets/products/SUITS AND PANTS/OB-SP09/Photo from Oban Wears(2).jpg,assets/products/SUITS AND PANTS/OB-SP09/Photo from Oban Wears.jpg,,,,,,
OB-SP10,OB-SP10,Suits,0,0,,assets/products/SUITS AND PANTS/OB-SP10/Photo from Oban Wears(1).jpg,assets/products/SUITS AND PANTS/OB-SP10/Photo from Oban Wears(2).jpg,assets/products/SUITS AND PANTS/OB-SP10/Photo from Oban Wears(3).jpg,assets/products/SUITS AND PANTS/OB-SP10/Photo from Oban Wears.jpg,,,,,
